stimulus,reason
32,api_or_parse_failure
74,api_or_parse_failure
149,api_or_parse_failure
184,api_or_parse_failure
334,api_or_parse_failure
384,api_or_parse_failure
388,api_or_parse_failure
391,api_or_parse_failure
404,api_or_parse_failure
416,api_or_parse_failure
436,api_or_parse_failure
439,api_or_parse_failure
451,api_or_parse_failure
477,api_or_parse_failure
479,api_or_parse_failure
566,api_or_parse_failure
584,api_or_parse_failure
595,api_or_parse_failure
650,api_or_parse_failure
689,api_or_parse_failure
816,api_or_parse_failure
842,api_or_parse_failure
856,api_or_parse_failure
874,api_or_parse_failure
912,api_or_parse_failure
927,api_or_parse_failure
973,api_or_parse_failure
976,api_or_parse_failure
32,api_or_parse_failure
